ReplayId,PlayerName,Hero,UserId,Takedowns,SoloKill,Assists,Deaths,HighestKillStreak,HeroDamage,SiegeDamage,StructureDamage,MinionDamage,CreepDamage,SummonDamage,TimeCCdEnemyHeroes,Healing,SelfHealing,DamageTaken,ExperienceContribution,TownKills,TimeSpentDead,MercCampCaptures,WatchTowerCaptures,MetaExperience,Win_Loss,Tier 1 Choice,Tier 2 Choice,Tier 3 Choice,Tier 4 Choice,Tier 5 Choice,Tier 6 Choice,Tier 7 Choice
8aa384650abd5e9bcc0e110ef8fc2e21,Noer,Malfurion,0,3,0,3,5,2,9862,14252,0,14252,2301,0,24,28328,0,0,3565,0,119,0,0,37374,Loss,MalfurionMasteryMoonburn,MalfurionCombatStyleElunesGrace,MalfurionMasteryStranglingVinesEntanglingRoots,MalfurionHeroicAbilityTranquility,MalfurionMasteryLifeSeed,,
8aa384650abd5e9bcc0e110ef8fc2e21,mjbiv4,Chromie,1,4,1,3,2,4,45433,36875,0,36875,96,0,91,0,0,0,5110,0,61,0,0,37374,Loss,ChromieSandBlastCompoundingAether,ChromieSandBlastPiercingSands,ChromieDragonsBreathDragonsEye,ChromieHeroicAbilitySlowingSands,ChromieReachingThroughTime,,
8aa384650abd5e9bcc0e110ef8fc2e21,Alex,The Butcher,2,3,2,1,6,2,16581,36891,7475,29416,1460,0,66,0,0,0,6289,0,149,0,0,37374,Loss,ButcherMasteryFreshMeatAbattoir,ButcherMasteryRuthlessOnslaughtUnrelentingPursuit,ButcherMeatShield,ButcherHeroicAbilityButcherFurnaceBlast,,,
8aa384650abd5e9bcc0e110ef8fc2e21,FBGMDark,Sonya,3,3,0,3,8,1,21605,16963,4897,11388,3204,678,6,0,7548,50725,3781,0,181,1,0,37374,Loss,BarbarianCombatStyleShotofFury,GenericTalentFocusedAttack,BarbarianCombatStyleFerociousHealing,BarbarianHeroicAbilityWrathoftheBerserker,BarbarianMasteryMysticalSpearAncientSpear,,
8aa384650abd5e9bcc0e110ef8fc2e21,Gargamel,Anub'arak,4,3,0,3,6,2,24482,9383,1926,6819,1506,638,20,0,10391,43042,4253,0,143,0,0,37374,Loss,GenericDampenMagic,AnubarakCombatStyleLegionOfBeetles,AnubarakCombatStyleChitinousPlating,AnubarakHeroicAbilityCarrionSwarm,GenericTalentBurningRage,,
8aa384650abd5e9bcc0e110ef8fc2e21,YosoySensual,Zarya,5,23,6,17,0,23,41057,53819,7411,32481,12854,13927,26,0,0,32899,8417,0,0,3,0,50593,Win,ZaryaShieldAllyTogetherWeAreStrong,ZaryaShieldAllyGiveMeTwentyQuest,ZaryaEnergyHitMe,ZaryaHeroicAbilityExpulsionZone,ZaryaPainIsTemporary,,
8aa384650abd5e9bcc0e110ef8fc2e21,Japwnese,Lt. Morales,6,18,2,16,1,13,9331,6187,1965,2160,1795,2062,0,48529,7255,0,5417,0,32,1,0,50593,Win,MedicFeedbackLoop,MedicBioshield,GenericTalentCleanse,MedicHeroicAbilityStimDrone,MedicIntensiveCare,,
8aa384650abd5e9bcc0e110ef8fc2e21,Dramonean,Muradin,7,25,3,22,0,25,22960,17149,1967,11057,18565,4125,187,0,21309,46847,5783,0,0,5,0,50593,Win,MuradinCombatStyleThirdWind,MuradinMasteryThunderburn,BattleMomentumMuradin,MuradinHeroicAbilityAvatar,MuradinMasteryThunderclapHealingStatic,,
8aa384650abd5e9bcc0e110ef8fc2e21,Tugboat,Jaina,8,18,3,15,2,8,27963,44882,10330,29924,5844,4628,1074,0,0,0,8307,0,47,3,0,50593,Win,JainaFrostbiteLingeringChill,JainaFrostbiteFrostArmor,JainaFrostbiteFrostbitten,JainaHeroicRingOfFrost,JainaBlizzardStormFront,,
8aa384650abd5e9bcc0e110ef8fc2e21,DrDalek,Tychus,9,24,13,11,1,18,55604,35748,8488,21957,12383,5303,0,0,3753,0,7918,0,19,3,0,50593,Win,TychusPressTheAdvantage,TychusInTheRhythm,TychusMasteryQuarterback,TychusHeroicAbilityDrakkenLaserDrill,TychusThatsTheStuff,TychusMasteryOverkillArmorPiercingRounds,
d89fe7f0de5d67e7ca9b4e822e44cbca,Thinhead,Alarak,0,19,3,16,6,6,77575,86179,0,72877,685,13302,204,0,17855,0,15903,0,261,0,0,116542,Loss,AlarakWithoutEffort,AlarakCycleofDiscord,AlarakChaosReigns,AlarakHeroicAbilityCounterStrike,AlarakHinderedMotion,AlarakQuickMind,AlarakDeadlyChargeItem
d89fe7f0de5d67e7ca9b4e822e44cbca,Vampirus,Thrall,1,24,12,12,2,23,73369,111862,12644,78989,14914,20229,69,49408,49408,0,18480,0,85,2,0,116542,Loss,ThrallMasteryRollingThunder,ThrallMasteryRideTheLightning,ThrallMasteryWindShear,ThrallHeroicAbilitySundering,ThrallMasteryGraceOfAir,ThrallMasteryTempestFury,GenericTalentNexusBlades
d89fe7f0de5d67e7ca9b4e822e44cbca,PabloFransic,Stitches,2,18,7,11,2,18,51446,164662,3353,128105,2090,33204,3763,0,41640,141958,22443,0,130,1,0,116542,Loss,GenericDampenMagic,GenericTalentAmplifiedHealing,StitchesCombatStyleTenderizer,StitchesHeroicAbilityPutridBile,StitchesMasteryIndigestionDevour,StitchesMasteryFishingHook,StitchesMasteryRegenerativeBilePutridBile
d89fe7f0de5d67e7ca9b4e822e44cbca,Akraw,Chromie,3,13,4,9,3,5,29636,129017,19611,93293,0,16113,64,0,0,0,15633,0,180,0,0,116542,Loss,ChromieDragonsBreathDeepBreathing,ChromieDragonsBreathEnvelopingAssault,ChromieDragonsBreathDragonsEye,ChromieHeroicAbilityTemporalLoop,ChromieTimeOut,ChromieSandBlastShiftingSands,ChromieSandBlastPastAndFutureMe
d89fe7f0de5d67e7ca9b4e822e44cbca,Atrax,Malfurion,4,18,2,16,3,11,28554,61197,18644,37181,3227,5372,48,109079,0,0,12932,0,150,0,0,116542,Loss,MalfurionCombatStyleShandosClarity,MalfurionCombatStyleElunesGrace,GenericTalentCleanse,MalfurionHeroicAbilityTranquility,MalfurionMasteryLifeSeed,MalfurionHardenedFocus,GenericTalentStormShield
d89fe7f0de5d67e7ca9b4e822e44cbca,Catatonic,Li-Ming,5,7,2,5,8,3,65836,74652,14681,56859,9803,3112,0,0,1479,0,12818,0,334,0,0,114121,Win,WizardAstralPresence,WizardDominance,WizardMagicMissilesSeeker,WizardHeroicAbilityWaveOfForce,WizardGlassCannon,WizardMagicMissilesMirrorball,WizardWaveOfForceRepulsion
d89fe7f0de5d67e7ca9b4e822e44cbca,DarkFigure4,Sonya,6,7,2,5,9,2,76255,51959,11234,34481,9041,6244,44,0,25003,127739,9841,0,441,2,0,114121,Win,GenericTalentBlock,BarbarianMasteryHurricaneWhirlwind,BarbarianMasteryCompositeSpearAncientSpear,BarbarianHeroicAbilityLeap,BarbarianMasteryLifeFunnelWhirlwind,BarbarianCombatStyleNoEscape,BarbarianMasteryArreatCraterLeap
d89fe7f0de5d67e7ca9b4e822e44cbca,Alias,Gazlowe,7,10,6,4,4,6,82282,177428,59105,112429,98030,5894,5,0,0,0,26592,0,163,9,0,114121,Win,TinkerCombatStyleScrapoMaticSmelter,TinkerCombatStyleClockwerkSteamFists,TinkerMasteryHyperfocusCoils,TinkerHeroicAbilityRoboGoblin,TinkerMasteryTurretStorage,TinkerSuperiorSchematics,TinkerMasteryMechaLord
d89fe7f0de5d67e7ca9b4e822e44cbca,Abathur,Abathur,8,14,3,11,2,7,85029,145906,47091,94881,937,3934,170,3688,1055,0,21610,0,85,0,0,114121,Win,AbathurMasteryEnvenomedNestsToxicNest,AbathurMasteryProlificDispersal,AbathurMasteryVileNestsToxicNest,AbathurHeroicAbilityUltimateEvolution,AbathurCombatStyleBombardStrain,AbathurCombatStyleLocustBrood,AbathurMasteryLocustMaster
d89fe7f0de5d67e7ca9b4e822e44cbca,MyNinja,Auriel,9,12,3,9,5,5,54741,44312,4456,37174,2536,2682,67,78052,15641,0,13303,0,277,1,0,114121,Win,AurielIncreasingClaritySacredSweepTalent,AurielRepeatedOffenseDetainmentStrikeTalent,AurielEmpathicLinkBestowHopeTalent,AurielHeroicCrystalAegis,AurielConvergingForceSacredSweepTalent,AurielWillofHeavenBestowHopeTalent,AurielAngelicFlightTalent
21b7ed1dc022ac9fa2b47ee283f3179b,SharKTuxa,Zarya,0,10,2,8,0,10,44171,81279,29397,46090,8785,5792,0,0,0,27431,7940,0,0,2,0,48342,Win,ZaryaEnergyMaximumChargeQuest,ZaryaPersonalBarrierIAmTheStrongest,ZaryaPersonalBarrierExplosiveBarrier,ZaryaHeroicAbilityGravitonSurge,ZaryaPersonalBarrierSpellBarrier,,
21b7ed1dc022ac9fa2b47ee283f3179b,WittoBT,Samuro,1,6,2,4,2,3,15520,68669,37809,27835,8852,3025,0,0,0,0,9032,0,60,2,0,48342,Win,SamuroMirrorImageWayOfTheBlade,SamuroMirage,SamuroPhantomPain,SamuroHeroicAbilityIllusionMaster,SamuroMirroredSteel,,
21b7ed1dc022ac9fa2b47ee283f3179b,DarkHunter,Kerrigan,2,11,5,6,0,11,27414,67408,25509,39143,3265,2756,13,0,12074,0,10799,0,0,1,0,48342,Win,KerriganMasteryImpalingBladesSharpenedBlades,KerriganMasteryPrimalGraspPsionicPulse,KerriganAssimilationMastery,KerriganHeroicAbilityMaelstrom,KerriganMasteryEviscerate,,
21b7ed1dc022ac9fa2b47ee283f3179b,FuriousLight,Valla,3,10,3,7,1,8,13581,46730,25648,20884,11636,198,0,0,838,0,5050,0,20,2,0,48342,Win,DemonHunterMasteryMonsterHunterHungeringArrow,DemonHunterMasteryPuncturingArrow,DemonHunterMasteryRepeatingArrowVault,DemonHunterHeroicAbilityStrafe,DemonHunterMasterySiphoningArrow,,
21b7ed1dc022ac9fa2b47ee283f3179b,jokem,Artanis,4,10,4,6,1,9,24377,37650,22442,13186,8881,2022,0,0,0,44404,5323,0,21,2,0,48342,Win,ArtanisTwinBladesAmateurOpponent,ArtanisBladeDashTemplarsZeal,ArtanisBladeDashPsionicSynergy,ArtanisHeroicAbilitySpearofAdunSuppressionPulse,ArtanisShieldOverloadPhaseBulwark,,
21b7ed1dc022ac9fa2b47ee283f3179b,Player 6,Stitches,5,1,0,1,3,1,12661,11943,0,11943,2440,0,3,0,6551,36171,4009,0,63,1,0,28605,Loss,StitchesHungryforMore,StitchesRestorativeFumes,StitchesToxicGas,StitchesHeroicAbilityPutridBile,,,
21b7ed1dc022ac9fa2b47ee283f3179b,Player 7,Greymane,6,2,0,2,2,2,14177,21057,0,21057,0,0,0,0,0,0,3604,0,48,0,0,28605,Loss,GreymaneGilneanCocktailScentedTincture,GreymaneDisengageEyesInTheDark,GreymaneGilneanCocktailIncendiaryElixir,GreymaneHeroicAbilityGoForTheThroat,,,
21b7ed1dc022ac9fa2b47ee283f3179b,Player 8,Azmodan,7,2,0,2,3,2,13838,30803,0,30803,0,0,0,0,141,0,4321,0,65,0,0,28605,Loss,AzmodanMasteryTasteForBlood,AzmodanMasteryGluttony,AzmodanMasteryInfernalGlobe,AzmodanHeroicAbilityBlackPool,,,
21b7ed1dc022ac9fa2b47ee283f3179b,Player 9,Gazlowe,8,0,0,0,5,0,6676,19307,98,19209,3829,0,1,0,0,0,2458,0,108,0,0,28605,Loss,TinkerCombatStyleScrapoMaticSmelter,TinkerCombatStyleReduceReuseRecycle,TinkerMasteryHyperfocusCoils,TinkerHeroicAbilityGravOBomb3000,,,
21b7ed1dc022ac9fa2b47ee283f3179b,Player 10,Tychus,9,4,2,2,3,3,15291,19071,159,18912,0,0,0,0,0,0,3967,0,70,0,0,28605,Loss,TychusMasteryRunandGunDash,TychusInTheRhythm,TychusMasteryQuarterback,TychusHeroicAbilityCommandeerOdin,,,
a8e62854ec4c1262fb2a1aabc71f13a1,CommanderChu,Rehgar,0,25,0,25,2,22,12267,44108,19136,24972,14936,0,394,73105,0,0,14756,0,87,6,0,99775,Win,RehgarMasteryColossalTotem,RehgarMasterySpiritwalkersGrace,GenericTalentCleanse,RehgarHeroicAbilityAncestralHealing,RehgarEarthlivingEnchant,RehgarMasteryEarthGraspTotem,GenericTalentStormShield
a8e62854ec4c1262fb2a1aabc71f13a1,Kieran,Falstad,1,18,5,13,4,10,48540,122534,43764,78720,6271,50,266,0,5089,0,17431,0,115,0,0,99775,Win,FalstadHammerangGatheringStorm,FalstadMasteryLightningRodStaticShield,FalstadMasteryBolterang,FalstadHeroicAbilityMightyGust,FalstadMasteryBarrelRollFlowRider,FalstadMasteryAerieGustsTailwind,FalstadMasteryFlightEpicMount
a8e62854ec4c1262fb2a1aabc71f13a1,Stark,Thrall,2,23,6,16,3,11,63773,67354,21422,45932,13807,0,40,23187,23187,0,11286,0,136,4,0,99775,Win,ThrallMasteryRollingThunder,ThrallMasteryRideTheLightning,GenericTalentFollowThrough,ThrallHeroicAbilitySundering,GenericTalentGiantKiller,ThrallMasteryTempestFury,GenericTalentFlashoftheStorms
a8e62854ec4c1262fb2a1aabc71f13a1,AladdinSane,Johanna,3,25,4,20,2,14,35451,66502,14350,52127,8876,25,60,2653,23437,77516,16208,0,74,3,0,99775,Win,CrusaderMasteryCondemnKnightTakesPawn,CrusaderMasteryLawsOfHope,BattleMomentumCrusader,CrusaderHeroicAbilityFallingSword,GenericTalentBurningRage,CrusaderMasteryShieldGlareHolyRenewal,CrusaderHeroicMasteryIndestructable
a8e62854ec4c1262fb2a1aabc71f13a1,NoelSanaka,Rexxar,4,12,3,9,6,4,35065,51641,9516,40510,22833,1615,237,0,15945,109111,11545,0,255,5,0,81827,Loss,RexxarHunterGatherer,RexxarHungryBear,RexxarSpiritSwoopBirdOfPrey,RexxarHeroicAbilityUnleashTheBoars,RexxarThrilloftheHunt,RexxarSpiritBondPrimalIntimidation,RexxarUnleashTheBoarsKillCommand
a8e62854ec4c1262fb2a1aabc71f13a1,FourSParta,Jaina,5,25,8,17,2,23,84775,70118,23480,46613,42602,25,1718,0,0,0,16265,0,35,3,0,99775,Win,GenericTalentConjurersPursuit,JainaFrostboltFrostShards,JainaFrostboltIceLance,JainaHeroicRingOfFrost,JainaIcyVeins,JainaConeOfColdNorthernExposure,JainaImprovedIceBlock
a8e62854ec4c1262fb2a1aabc71f13a1,Necrophagist,Arthas,6,11,4,7,4,7,37547,50939,19233,30759,22549,947,201,0,4755,64929,9653,0,174,5,0,81827,Loss,ArthasMasteryFrostPresenceHowlingBlast,ArthasMasteryBitingColdFrozenTempest,ArthasIceboundFortitude,ArthasHeroicAbilitySummonSindragosa,ArthasMasteryTrailOfFrostHowlingBlast,ArthasMasteryRemorselessWinterFrozenTempest,ArthasMasteryAbsoluteZeroSummonSindragosa
a8e62854ec4c1262fb2a1aabc71f13a1,hawstyLe,Malfurion,7,11,0,11,4,7,16334,30300,5935,23379,2105,986,36,72676,0,0,9879,0,199,1,0,81827,Loss,MalfurionMasteryHarmony,MalfurionMasteryRampantGrowth,MalfurionMasteryEnduringGrowth,MalfurionHeroicAbilityTranquility,MalfurionMasteryLifeSeed,MalfurionHardenedFocus,GenericTalentStormShield
a8e62854ec4c1262fb2a1aabc71f13a1,Destaris,Kael'thas,8,11,1,10,5,7,48718,120263,29209,89329,8391,1725,18,0,0,0,13623,0,251,0,0,81827,Loss,KaelthasFlamestrikeConvection,KaelthasFlamestrikeManaTap,KaelthasFlamestrikeBurnedFlesh,KaelthasHeroicAbilityPhoenix,KaelthasLivingBombPyromaniac,KaelthasFlamestrikeFuryOfTheSunwell,KaelthasMasteryFlamethrower
a8e62854ec4c1262fb2a1aabc71f13a1,ShadowDragon,Sgt. Hammer,9,10,5,5,7,6,55994,101691,66431,34251,5176,1009,67,0,6037,0,13479,0,282,0,0,81827,Loss,SgtHammerAmbush,GenericTalentFocusedAttack,GenericTalentFirstAid,SgtHammerHeroicAbilityNapalmStrike,SgtHammerFirstStrike,SgtHammerGraduatingRange,GenericTalentNexusFrenzy
6934f25f0ed18455f362c963b9ed3d7e,Jones,Arthas,0,16,2,14,5,9,57408,81198,37101,39006,19580,5091,324,0,13365,73996,9809,0,247,2,0,83929,Loss,GenericTalentBlock,ArthasMasteryFrozenWastesFrozenTempest,ArthasRuneTap,ArthasHeroicAbilitySummonSindragosa,ArthasMasteryFrigidWindsFrozenTempest,ArthasMasteryRemorselessWinterFrozenTempest,ArthasMasteryAbsoluteZeroSummonSindragosa
6934f25f0ed18455f362c963b9ed3d7e,LordHansel,Rehgar,1,19,2,17,3,11,17235,43932,8873,33423,31445,1636,393,63810,0,0,11237,0,163,4,0,83929,Loss,RehgarMasteryColossalTotem,RehgarMasteryFeralHeart,RehgarMasteryFarsight,RehgarHeroicAbilityAncestralHealing,RehgarMasteryEarthShield,RehgarMasteryEarthGraspTotem,GenericTalentStormShield
6934f25f0ed18455f362c963b9ed3d7e,hightek,Dehaka,2,19,3,16,3,11,48440,58985,20618,33812,10376,4555,81,0,22169,66372,12662,0,109,2,0,83929,Loss,DehakaDarkSwarmTalentEnduringSwarm,DehakaEssenceCollectionOneWhoCollectsTalent,DehakaDragTalentFeedingFrenzy,DehakaHeroicAbilityIsolation,DehakaBrushstalkerFerociousStalker,DehakaDragTalentElongatedTongue,DehakaBrushstalkerApexPredator
6934f25f0ed18455f362c963b9ed3d7e,Fdiddy,Li-Ming,3,18,6,12,5,8,73448,86358,26590,55987,9775,3781,0,0,0,0,11684,0,213,1,0,83929,Loss,WizardForceArmor,WizardMagicMissilesChargedBlast,WizardMagicMissilesSeeker,WizardHeroicAbilityDisintegrate,WizardCannoneer,WizardFireflies,WizardDisintegrateTemporalFlux
6934f25f0ed18455f362c963b9ed3d7e,Gregnotcraig,Thrall,4,18,9,9,3,14,56682,74772,16464,55446,889,2862,36,21089,21089,0,14177,0,192,1,0,83929,Loss,ThrallMasteryRollingThunder,ThrallMasteryRideTheLightning,GenericTalentFollowThrough,ThrallHeroicAbilitySundering,GenericTalentGiantKiller,ThrallMasteryForkedLightning,ThrallMasteryWorldbreaker
6934f25f0ed18455f362c963b9ed3d7e,woodhead,Malfurion,5,17,1,16,4,7,47458,59859,7028,50681,4372,2150,112,88666,0,0,14251,0,134,1,0,95303,Win,MalfurionCombatStyleShandosClarity,MalfurionMasteryVengefulRoots,GenericTalentCleanse,MalfurionHeroicAbilityTwilightDream,MalfurionMasteryLifeSeed,MalfurionMasteryTenaciousRootsEntanglingRoots,GenericTalentStormShield
6934f25f0ed18455f362c963b9ed3d7e,CCTerrator,Johanna,6,14,4,10,3,7,38166,86979,15066,69865,1907,2048,125,0,28424,134287,13262,0,111,0,0,95303,Win,CrusaderMasteryIronSkinReinforce,CrusaderMasteryLawsOfHope,CrusaderMasteryIronSkinTheCrusadeMarchesOn,CrusaderHeroicAbilityBlessedShield,GenericTalentSpellShield,GenericTalentImposingPresence,CrusaderHeroicMasteryIndestructable
6934f25f0ed18455f362c963b9ed3d7e,Haulden,The Butcher,7,13,2,11,7,4,35014,79960,31879,48081,15480,0,116,0,0,0,11095,0,208,2,0,95303,Win,ButcherMasteryFreshMeatAbattoir,ButcherMasteryRuthlessOnslaughtUnrelentingPursuit,ButcherMasteryButchersBrandInsatiableBlade,ButcherHeroicAbilityButcherFurnaceBlast,ButcherMasteryHamstringBrutalStrike,ButcherMasteryHamstringCripplingSlam,GenericTalentNexusBlades
6934f25f0ed18455f362c963b9ed3d7e,SurlyDuff,Zeratul,8,19,5,14,1,11,50855,63260,20843,41925,979,492,398,0,0,0,15710,0,50,1,0,95303,Win,GenericTalentRegenerationMaster,ZeratulMasterWarpBlade,GenericTalentFollowThrough,ZeratulHeroicAbilityVoidPrison,ZeratulCombatStyleAssassinsBlade,ZeratulMasteryRendingCleave,GenericTalentNexusBlades
6934f25f0ed18455f362c963b9ed3d7e,L3B,Lunara,9,16,7,9,7,7,69163,119751,51910,65702,25917,2139,216,0,0,0,16435,0,221,1,0,95303,Win,DryadNaturalPerspective,DryadNimbleWisp,DryadNaturesCulling,DryadHeroicAbilityThornwoodVine,DryadUnfairAdvantage,DryadLetThemWither,DryadGallopingGait
079f0fdf86a9988bb3c369e3b66ba217,iAMcutie,Zeratul,0,24,7,17,1,16,30986,25566,9071,16495,3856,0,118,0,0,0,7029,0,22,0,0,53590,Win,ZeratulMasteryRapidDisplacementBlink,ZeratulCombatStyleVorpalBlade,GenericTalentFollowThrough,ZeratulHeroicAbilityVoidPrison,ZeratulMasteryWormhole,ZeratulMasteryDoubleBombsSingularitySpike,
079f0fdf86a9988bb3c369e3b66ba217,iAMtoxic,Jaina,1,18,9,9,3,10,33954,29223,14419,14804,1370,0,769,0,0,0,7391,0,84,0,0,53590,Win,JainaFrostbiteDeepChill,JainaFrostbiteFrostArmor,JainaFrostbiteFrostbitten,JainaHeroicRingOfFrost,JainaIcyVeins,,
079f0fdf86a9988bb3c369e3b66ba217,Me2,Johanna,2,19,4,15,2,16,22032,28178,5812,21365,3237,1001,59,0,6002,52674,6496,0,44,2,0,53590,Win,GenericTalentRegenerationMaster,CrusaderMasteryLawsOfHope,BattleMomentumCrusader,CrusaderHeroicAbilityBlessedShield,GenericTalentSpellShield,CrusaderMasteryCondemnBlessedHammer,
079f0fdf86a9988bb3c369e3b66ba217,Rigaldos,Sylvanas,3,21,5,16,3,17,35492,95452,32104,61673,5894,1675,54,0,0,0,9421,0,51,1,0,53590,Win,SylvanasTalentBlackArrowsParalysis,SylvanasTalentLostSoul,SylvanasTalentUnstablePoison,SylvanasHeroicAbilityWailingArrow,SylvanasTalentWindrunnerHauntingWave,SylvanasTalentOverwhelmingAffliction,
079f0fdf86a9988bb3c369e3b66ba217,Kae,Brightwing,4,21,2,19,0,21,22506,31777,6962,23558,1794,1257,0,54537,0,0,8424,0,0,0,0,53590,Win,BrightwingHyperShiftPhaseShift,BrightwingUnstableAnomalyPolymorph,FaerieDragonMasteryPhaseShield,FaerieDragonHeroicAbilityBlinkHeal,FaerieDragonMasteryShieldDust,BrightwingGreaterPolymorphPolymorph,
079f0fdf86a9988bb3c369e3b66ba217,ECCENTRIC,Tassadar,5,5,2,3,2,3,10553,41543,4354,37189,0,0,0,20505,0,0,5418,0,48,0,0,39052,Loss,GenericTalentConjurersPursuit,TassadarMasteryLeechingPlasma,TassadarMasteryKhalasEmbrace,TassadarHeroicAbilityForceWall,GenericTalentShrinkRay,,
079f0fdf86a9988bb3c369e3b66ba217,Twinsen,Li-Ming,6,6,2,4,6,3,29343,49642,10267,39375,0,0,0,0,1390,0,5509,0,152,0,0,39052,Loss,WizardAstralPresence,WizardDominance,WizardTeleportCalamity,WizardHeroicAbilityDisintegrate,WizardTeleportIllusionist,,
079f0fdf86a9988bb3c369e3b66ba217,Aegis,Muradin,7,5,0,5,4,2,19186,30224,0,30224,0,0,186,0,14740,52328,6358,0,99,0,0,39052,Loss,MuradinCombatStyleThirdWind,MuradinMasteryThunderburn,BattleMomentumMuradin,MuradinHeroicAbilityAvatar,MuradinMasteryThunderclapHealingStatic,,
079f0fdf86a9988bb3c369e3b66ba217,Kilkakon,Tychus,8,5,3,2,7,3,28123,21104,815,20289,0,0,0,0,366,0,3575,0,166,0,0,39052,Loss,TychusPressTheAdvantage,TychusTheBiggerTheyAre,TychusMasteryQuarterback,TychusHeroicAbilityDrakkenLaserDrill,TychusThatsTheStuff,,
079f0fdf86a9988bb3c369e3b66ba217,Quasar,Kerrigan,9,5,2,3,8,2,23762,27617,797,26820,0,0,9,0,6276,0,3646,0,200,0,0,39052,Loss,KerriganMasteryImpalingBladesSharpenedBlades,KerriganMasteryPrimalGraspPsionicPulse,BattleMomentumKerrigan,KerriganHeroicAbilityMaelstrom,KerriganCombatStyleDoubleStrike,,
8aa384650abd5e9bcc0e110ef8fc2e21,Noer,Malfurion,0,3,0,3,5,2,9862,14252,0,14252,2301,0,24,28328,0,0,3565,0,119,0,0,37374,Loss,MalfurionMasteryMoonburn,MalfurionCombatStyleElunesGrace,MalfurionMasteryStranglingVinesEntanglingRoots,MalfurionHeroicAbilityTranquility,MalfurionMasteryLifeSeed,,
8aa384650abd5e9bcc0e110ef8fc2e21,mjbiv4,Chromie,1,4,1,3,2,4,45433,36875,0,36875,96,0,91,0,0,0,5110,0,61,0,0,37374,Loss,ChromieSandBlastCompoundingAether,ChromieSandBlastPiercingSands,ChromieDragonsBreathDragonsEye,ChromieHeroicAbilitySlowingSands,ChromieReachingThroughTime,,
8aa384650abd5e9bcc0e110ef8fc2e21,Alex,The Butcher,2,3,2,1,6,2,16581,36891,7475,29416,1460,0,66,0,0,0,6289,0,149,0,0,37374,Loss,ButcherMasteryFreshMeatAbattoir,ButcherMasteryRuthlessOnslaughtUnrelentingPursuit,ButcherMeatShield,ButcherHeroicAbilityButcherFurnaceBlast,,,
8aa384650abd5e9bcc0e110ef8fc2e21,FBGMDark,Sonya,3,3,0,3,8,1,21605,16963,4897,11388,3204,678,6,0,7548,50725,3781,0,181,1,0,37374,Loss,BarbarianCombatStyleShotofFury,GenericTalentFocusedAttack,BarbarianCombatStyleFerociousHealing,BarbarianHeroicAbilityWrathoftheBerserker,BarbarianMasteryMysticalSpearAncientSpear,,
8aa384650abd5e9bcc0e110ef8fc2e21,Gargamel,Anub'arak,4,3,0,3,6,2,24482,9383,1926,6819,1506,638,20,0,10391,43042,4253,0,143,0,0,37374,Loss,GenericDampenMagic,AnubarakCombatStyleLegionOfBeetles,AnubarakCombatStyleChitinousPlating,AnubarakHeroicAbilityCarrionSwarm,GenericTalentBurningRage,,
8aa384650abd5e9bcc0e110ef8fc2e21,YosoySensual,Zarya,5,23,6,17,0,23,41057,53819,7411,32481,12854,13927,26,0,0,32899,8417,0,0,3,0,50593,Win,ZaryaShieldAllyTogetherWeAreStrong,ZaryaShieldAllyGiveMeTwentyQuest,ZaryaEnergyHitMe,ZaryaHeroicAbilityExpulsionZone,ZaryaPainIsTemporary,,
8aa384650abd5e9bcc0e110ef8fc2e21,Japwnese,Lt. Morales,6,18,2,16,1,13,9331,6187,1965,2160,1795,2062,0,48529,7255,0,5417,0,32,1,0,50593,Win,MedicFeedbackLoop,MedicBioshield,GenericTalentCleanse,MedicHeroicAbilityStimDrone,MedicIntensiveCare,,
8aa384650abd5e9bcc0e110ef8fc2e21,Dramonean,Muradin,7,25,3,22,0,25,22960,17149,1967,11057,18565,4125,187,0,21309,46847,5783,0,0,5,0,50593,Win,MuradinCombatStyleThirdWind,MuradinMasteryThunderburn,BattleMomentumMuradin,MuradinHeroicAbilityAvatar,MuradinMasteryThunderclapHealingStatic,,
8aa384650abd5e9bcc0e110ef8fc2e21,Tugboat,Jaina,8,18,3,15,2,8,27963,44882,10330,29924,5844,4628,1074,0,0,0,8307,0,47,3,0,50593,Win,JainaFrostbiteLingeringChill,JainaFrostbiteFrostArmor,JainaFrostbiteFrostbitten,JainaHeroicRingOfFrost,JainaBlizzardStormFront,,
8aa384650abd5e9bcc0e110ef8fc2e21,DrDalek,Tychus,9,24,13,11,1,18,55604,35748,8488,21957,12383,5303,0,0,3753,0,7918,0,19,3,0,50593,Win,TychusPressTheAdvantage,TychusInTheRhythm,TychusMasteryQuarterback,TychusHeroicAbilityDrakkenLaserDrill,TychusThatsTheStuff,TychusMasteryOverkillArmorPiercingRounds,
036858cb45e035650783de89a6c6d230,Meatball,Zagara,0,27,5,22,5,11,56288,196039,55653,128672,18777,11714,0,0,6915,0,24019,0,260,1,2,144930,Win,ZagaraMasteryCorpseFeeders,ZagaraCombatStyleMedusaBlades,ZagaraMasteryBileDrop,ZagaraHeroicAbilityNydusAssault,ZagaraMasteryHydraliskTransfusion,ZagaraMasteryCorrosiveSaliva,GenericTalentFuryoftheStorm
036858cb45e035650783de89a6c6d230,ozerx14,Sgt. Hammer,1,15,6,9,5,8,58752,235629,61947,171088,12155,2594,37,0,0,0,22392,0,269,0,0,144930,Win,SgtHammerAmbush,GenericTalentFocusedAttack,SgtHammerHyperCoolingEngines,SgtHammerHeroicAbilityNapalmStrike,GenericTalentGiantKiller,SgtHammerGraduatingRange,SgtHammerMasteryAdvancedLavaStrikeNapalmStrike
036858cb45e035650783de89a6c6d230,Arvay6,E.T.C.,2,36,12,24,4,17,76655,120630,28074,83587,44105,8969,120,3547,93398,140388,23448,0,224,5,14,144930,Win,ETCMasteryProgRock,L90ETCMasteryFaceMeltLoudSpeakers,ETCCombatStyleEchoPedal,ETCHeroicAbilityStageDive,ETCMasteryMicCheck,ETCMasteryGuitarSoloAggressiveShredding,L90ETCMasteryStageDiveCrowdPleaser
036858cb45e035650783de89a6c6d230,Foxdemonking,Li-Ming,3,27,4,23,3,11,62884,160049,24781,130419,20697,4849,3,0,0,0,21349,0,180,0,0,144930,Win,WizardForceArmor,WizardMagicMissilesChargedBlast,WizardArcaneOrbZeisVengeance,WizardHeroicAbilityDisintegrate,WizardTeleportIllusionist,WizardArcaneOrbArcaneOrbit,WizardDisintegrateTemporalFlux
036858cb45e035650783de89a6c6d230,Sodium,Alarak,4,31,18,13,7,9,68413,26912,86,24577,16981,2249,0,0,12583,0,14799,0,377,3,1,144930,Win,AlarakPowerConduit,AlarakDoubleCross,AlarakChaosReigns,AlarakHeroicAbilityDeadlyCharge,AlarakPureMalice,AlarakSustainingPower,AlarakCounterStrikeItem
036858cb45e035650783de89a6c6d230,Cardinalis,Raynor,5,15,9,6,9,5,72636,89356,16544,69122,39429,3690,0,0,12141,0,20199,0,388,5,6,138105,Loss,GenericTalentSeasonedMarksman,GenericTalentFocusedAttack,RaynorMasteryInspireRevolutionOverdrive,RaynorHeroicAbilityHyperion,GenericTalentGiantKiller,HeroGenericExecutionerPassive,GenericTalentNexusFrenzy
036858cb45e035650783de89a6c6d230,Ca√ßa,Alarak,6,11,3,8,11,4,38060,32040,9768,20775,18781,1497,0,0,7560,0,15271,0,479,4,0,138105,Loss,AlarakPowerConduit,AlarakDoubleCross,AlarakChaosReigns,AlarakHeroicAbilityDeadlyCharge,AlarakPureMalice,AlarakSustainingPower,AlarakCounterStrikeItem
036858cb45e035650783de89a6c6d230,apoktopus,Kael'thas,7,10,3,7,11,3,42468,103503,39600,60242,24302,3661,21,0,0,0,16576,0,531,1,3,138105,Loss,KaelthasFlamestrikeConvection,KaelthasGravityLapseNetherWind,KaelthasFlamestrikeBurnedFlesh,KaelthasHeroicAbilityPhoenix,KaelthasLivingBombFissionBomb,KaelthasFlamestrikeFuryOfTheSunwell,KaelthasPhoenixRebirth
036858cb45e035650783de89a6c6d230,Basilisk,Gazlowe,8,11,1,10,5,6,33913,142647,26600,100557,212168,15490,1,0,0,0,19345,0,238,15,6,138105,Loss,TinkerCombatStyleScrapoMaticSmelter,TinkerCombatStyleClockwerkSteamFists,TinkerMasteryRockitTurretXL,TinkerHeroicAbilityRoboGoblin,TinkerMasteryTurretStorage,TinkerSuperiorSchematics,TinkerMasteryMechaLord
036858cb45e035650783de89a6c6d230,ZachD,Leoric,9,18,7,11,11,4,80002,113299,33441,71268,8279,8590,182,0,81861,163780,27642,0,536,4,3,138105,Loss,LeoricMasteryHopelessnessDrainHope,LeoricMasteryWillingVesselDrainHope,LeoricMasteryOsseinRenewal,LeoricHeroicAbilityMarchoftheBlackKing,LeoricMasteryDrainMomentumDrainHope,LeoricMasteryConsumeVitalitySkeletalSwing,LeoricMasterySpectralLeech
4a3ed00bba37ac4c463599afd13b97a7,Rambourface,Greymane,0,12,8,4,6,3,35868,43308,2096,39871,20320,1341,0,0,0,0,7722,0,175,3,0,60529,Loss,GreymaneInnerBeastWolfheart,GreymaneDisengageEyesInTheDark,GreymaneWizenedDuelist,GreymaneHeroicAbilityGoForTheThroat,GreymaneRazorSwipeUnfetteredAssault,GreymaneWorgenFormAlphaKiller,
4a3ed00bba37ac4c463599afd13b97a7,xBlitzR,Kerrigan,1,12,1,11,4,8,26513,44357,0,39408,5656,4949,7,0,10404,0,7465,0,126,1,0,60529,Loss,KerriganMasteryImpalingBladesSharpenedBlades,KerriganMasteryPrimalGraspPsionicPulse,BattleMomentumKerrigan,KerriganHeroicAbilityMaelstrom,KerriganCombatStyleDoubleStrike,KerriganMasteryAggressiveDefense,
4a3ed00bba37ac4c463599afd13b97a7,Woozywill,Zagara,2,7,0,7,8,4,22317,70622,15227,52680,224,2715,68,0,992,0,6648,0,251,0,0,60529,Loss,ZagaraMasteryVolatileAcid,ZagaraCombatStyleMedusaBlades,ZagaraViscousAcid,ZagaraHeroicAbilityDevouringMaw,ZagaraMasteryHydraliskTransfusion,ZagaraMasteryCorrosiveSaliva,
4a3ed00bba37ac4c463599afd13b97a7,Tricah,Li-Ming,3,12,3,9,3,7,30179,96486,5701,82980,1421,7805,0,1299,2281,0,11395,0,114,0,0,60529,Loss,WizardAstralPresence,WizardDominance,WizardTeleportCalamity,WizardHeroicAbilityDisintegrate,WizardGlassCannon,WizardTeleportDiamondSkin,
4a3ed00bba37ac4c463599afd13b97a7,minichouff,Sonya,4,8,4,4,9,3,24110,48053,0,41983,6704,6070,6,0,13550,60200,7093,0,290,2,0,60529,Loss,BarbarianCombatStyleShotofFury,BarbarianMasteryHurricaneWhirlwind,BarbarianMasteryCompositeSpearAncientSpear,BarbarianHeroicAbilityWrathoftheBerserker,BarbarianMasteryLifeFunnelWhirlwind,SonyaTalentNervesOfSteel,
4a3ed00bba37ac4c463599afd13b97a7,Drektarg,Muradin,5,21,4,17,4,8,25678,22496,2679,16688,3263,3129,136,0,31215,57750,9994,0,155,1,0,73664,Win,MuradinCombatStyleThirdWind,MuradinMasteryThunderburn,BattleMomentumMuradin,MuradinHeroicAbilityHaymaker,MuradinMasteryThunderclapHealingStatic,MuradinMasteryDwarfTossHeavyImpact,
4a3ed00bba37ac4c463599afd13b97a7,liljswag,Azmodan,6,12,1,11,4,4,25088,103517,27527,74750,3803,1240,0,0,0,0,11563,0,155,1,0,73664,Win,AzmodanMasterySiegingWrath,AzmodanMasteryArmyOfHell,AzmodanMasteryInfernalGlobe,AzmodanHeroicAbilityBlackPool,AzmodanMasteryHellforgedArmor,AzmodanMasteryBattleborn,
4a3ed00bba37ac4c463599afd13b97a7,Alex,Kerrigan,7,23,9,14,5,9,39478,34265,11656,21002,24554,1607,10,0,12638,0,11125,0,114,5,0,73664,Win,KerriganMasteryImpalingBladesSharpenedBlades,GenericTalentEnvenom,KerriganMasteryImpalingBladesBladeTorrent,KerriganHeroicAbilityMaelstrom,KerriganQueensRush,KerriganEssenceForEssence,KerriganMasteryMaelstromOmegastorm
4a3ed00bba37ac4c463599afd13b97a7,Otosan,Chromie,8,16,11,5,2,12,40968,30413,19495,9946,10086,972,8,0,0,0,9129,0,94,3,0,73664,Win,ChromieDragonsBreathDeepBreathing,ChromieBronzeTalons,ChromieDragonsBreathDragonsEye,ChromieHeroicAbilityTemporalLoop,ChromiePortBackToBaseByeBye,ChromieSandBlastShiftingSands,ChromieSandBlastPastAndFutureMe
4a3ed00bba37ac4c463599afd13b97a7,Icebane84,Gul'dan,9,23,4,19,1,19,30663,46871,12691,29690,15831,4490,0,0,13217,0,11731,0,21,4,0,73664,Win,GuldanCorruptionEchoedCorruption,GuldanLifeTapImprovedLifeTap,GuldanFelFlameBoundByShadow,GuldanHorrify,GuldanHealthstone,GuldanCorruptionRuinousAffliction,
4140c21c6c4e6db1113670c765831df7,Hiliart,Zarya,0,9,3,6,3,6,67829,78917,33375,36182,16533,9360,35,0,0,102757,9278,0,115,3,3,76741,Win,ZaryaWeaponFeelTheHeat,ZaryaDefensiveShielding,ZaryaParticleGrenadePinpointAccuracy,ZaryaHeroicAbilityExpulsionZone,ZaryaPersonalBarrierUnstoppableCompetitor,ZaryaParticleGrenadePlasmaShock,ZaryaParticleGrenadeGrenadier
4140c21c6c4e6db1113670c765831df7,Alias,Gazlowe,1,7,3,4,4,3,37056,82991,9097,58947,98661,14947,290,0,0,0,13071,0,177,8,0,76741,Win,TinkerCombatStyleBreakitDown,TinkerCombatStyleClockwerkSteamFists,TinkerMasteryEngineGunk,TinkerHeroicAbilityRoboGoblin,TinkerMasteryTurretStorage,TinkerSuperiorSchematics,TinkerMasteryMechaLord
4140c21c6c4e6db1113670c765831df7,body,Abathur,2,3,1,2,0,3,34152,142403,38418,89657,2553,14328,0,2987,0,0,15775,0,0,0,0,76741,Win,AbathurCombatStyleSurvivalInstincts,AbathurSymbioteAdrenalOverload,AbathurMasteryNeedlespine,AbathurHeroicAbilityEvolveMonstrosity,AbathurCombatStyleBombardStrain,AbathurCombatStyleLocustBrood,AbathurMasteryLocustMaster
4140c21c6c4e6db1113670c765831df7,Seventhdata,Auriel,3,8,3,5,1,8,36989,64397,5540,45889,2504,12968,19,64187,11800,0,8734,0,36,2,2,76741,Win,AurielSwiftSweepSacredSweepTalent,AurielMajesticSpanSacredSweepTalent,AurielEmpathicLinkBestowHopeTalent,AurielHeroicCrystalAegis,AurielBlindingFlashSacredSweepTalent,AurielReservoirofHopeRayOfHeavenTalent,AurielDiamondResolveCrystalAegisTalent
4140c21c6c4e6db1113670c765831df7,Convicted,Brightwing,4,8,1,7,4,6,23943,56896,9647,41432,5899,5817,0,69147,0,0,8474,0,117,1,2,76741,Win,BrightwingHyperShiftPhaseShift,BrightwingManicPixiePixieDust,BrightwingMistifiedSoothingMist,FaerieDragonHeroicAbilityBlinkHeal,FaerieDragonMasteryShieldDust,FaerieDragonMasteryCritterize,BrightwingDoubleWyrmholeBlinkHeal
4140c21c6c4e6db1113670c765831df7,SkyAngel666,Auriel,5,11,2,9,3,8,44967,79278,21624,43536,5464,14118,39,62762,13347,0,8388,0,93,2,3,74902,Loss,AurielSearingLightRayOfHeavenTalent,AurielMajesticSpanSacredSweepTalent,AurielEmpathicLinkBestowHopeTalent,AurielHeroicCrystalAegis,AurielBlindingFlashSacredSweepTalent,AurielReservoirofHopeRayOfHeavenTalent,
4140c21c6c4e6db1113670c765831df7,Tacgnol,Alarak,6,9,1,8,2,7,40024,80757,21462,52615,1760,6680,0,0,10769,0,8604,0,81,2,1,74902,Loss,AlarakAppliedForce,AlarakDoubleCross,AlarakChaosReigns,AlarakHeroicAbilityDeadlyCharge,AlarakPureMalice,AlarakProjectedForce,AlarakCounterStrikeItem
4140c21c6c4e6db1113670c765831df7,Faithless,Nazeebo,7,11,4,7,0,11,59821,145324,32598,81628,13842,31098,14,0,0,0,12938,0,0,2,0,74902,Loss,WitchDoctorThingOfTheDeep,WitchDoctorBigVoodoo,WitchDoctorDeadRush,WitchDoctorHeroicAbilityGargantuan,WitchDoctorGuardianToads,WitchDoctorRingOfPoison,WitchDoctorVileInfection
4140c21c6c4e6db1113670c765831df7,EverDream,Artanis,8,8,2,6,3,4,35961,100327,22666,64329,6942,13332,0,0,0,72158,10691,0,82,2,1,74902,Loss,ArtanisTwinBladesReactiveParry,ArtanisBladeDashLethalAlacrity,GenericTalentFollowThrough,ArtanisHeroicAbilitySpearofAdunSuppressionPulse,ArtanisTwinBladesTripleStrike,ArtanisShieldOverloadShieldSurge,ArtanisShieldOverloadForceofWill
4140c21c6c4e6db1113670c765831df7,Psychonaut,Zarya,9,9,3,6,3,6,36586,131101,46772,77772,7640,6557,14,0,0,57079,12836,0,112,1,4,74902,Loss,ZaryaEnergyMaximumChargeQuest,ZaryaPersonalBarrierIAmTheStrongest,ZaryaEnergyHitMe,ZaryaHeroicAbilityExpulsionZone,ZaryaPainIsTemporary,ZaryaEnergyBornInBattle,
87ea544392089fc9295114506a6ad43b,Akuma,Li-Ming,0,15,6,9,5,7,55434,105262,23038,70569,0,11655,0,6646,5052,0,12029,0,233,0,0,76074,Loss,WizardAstralPresence,WizardDominance,WizardTeleportCalamity,WizardHeroicAbilityDisintegrate,WizardTeleportIllusionist,WizardTeleportDiamondSkin,WizardTalRashasElements
87ea544392089fc9295114506a6ad43b,Chilipepper,Nova,1,17,6,11,9,7,31933,14630,442,9271,5657,4917,101,0,0,0,7932,0,345,1,0,76074,Loss,NovaMasteryCovertOpsPinningShot,NovaRapidProjection,NovaSnipeMaster,NovaHeroicAbilityPrecisionStrike,NovaMasteryDoubleTap,NovaMasteryCripplingShot,NovaMasteryPrecisionBarrage
87ea544392089fc9295114506a6ad43b,Mochi,Azmodan,2,11,2,9,7,6,37226,104523,15350,83321,33007,5852,0,0,5260,0,10307,0,283,4,0,76074,Loss,AzmodanMasterySiegingWrath,AzmodanMasteryGluttony,AzmodanMasteryMarchOfSin,AzmodanHeroicAbilityBlackPool,AzmodanMasteryInfusedPower,AzmodanSinforSin,AzmodanBoltoftheStorms
87ea544392089fc9295114506a6ad43b,SybilznBitz,Valla,3,7,1,6,9,4,33245,78063,2408,73216,12604,2439,34,0,3258,0,7894,0,301,2,0,76074,Loss,DemonHunterMasteryCaltrops,DemonHunterMasteryPuncturingArrow,DemonHunterMasteryRepeatingArrowVault,DemonHunterHeroicAbilityRainofVengeance,DemonHunterMasterySiphoningArrow,DemonHunterSeethingHatred,DemonHunterFarflightQuiver
87ea544392089fc9295114506a6ad43b,Goutiwa,Diablo,4,15,4,11,12,5,44276,113811,5211,98688,4039,9912,34,0,224,94187,13072,0,188,1,0,76074,Loss,DiabloMasteryDevilsDueBlackSoulstone,DiabloTalentSoulCatcherBlackSoulstone,DiabloMasterySoulStealBlackSoulstone,DiabloHeroicAbilityLightningBreath,DiabloMasteryFirestorm,DiabloTalentDominationOverpower,DiabloTalentLordOfTerror
87ea544392089fc9295114506a6ad43b,squirtle,Jaina,5,26,10,16,5,9,38028,108675,11463,89300,19049,7912,785,0,0,0,17318,0,171,1,0,94234,Win,JainaFrostbiteLingeringChill,JainaFrostbiteArcaneIntellect,JainaConeOfColdIceFloes,JainaHeroicSummonWaterElemental,JainaBlizzardStormFront,JainaBlizzardSnowstorm,JainaImprovedIceBlock
87ea544392089fc9295114506a6ad43b,Focuz0ndis,Nazeebo,6,24,5,19,2,11,44081,83585,18874,56096,9476,8615,8,0,0,0,13569,0,109,3,0,94234,Win,WitchDoctorThingOfTheDeep,WitchDoctorBigVoodoo,WitchDoctorDeadRush,WitchDoctorHeroicAbilityGargantuan,WitchDoctorSuperstition,WitchDoctorRingOfPoison,WitchDoctorVileInfection
87ea544392089fc9295114506a6ad43b,Edcoch,Tychus,7,29,12,17,7,7,65866,40986,18898,19794,2776,2294,6,0,9279,0,12196,0,222,1,0,94234,Win,TychusPressTheAdvantage,TychusInTheRhythm,TychusRelentlessSoldier,TychusHeroicAbilityCommandeerOdin,TychusThatsTheStuff,TychusMasteryOverkillArmorPiercingRounds,TychusSizzlinAttacks
87ea544392089fc9295114506a6ad43b,TheTron,Artanis,8,30,6,24,2,20,44871,64018,16093,44848,5249,3077,0,0,0,76645,13679,0,50,2,0,94234,Win,GenericTalentSeasonedMarksman,ArtanisShieldOverloadShieldBattery,ArtanisBladeDashPsionicSynergy,ArtanisHeroicAbilitySpearofAdunSuppressionPulse,ArtanisTwinBladesTripleStrike,ArtanisShieldOverloadShieldSurge,ArtanisShieldOverloadForceofWill
87ea544392089fc9295114506a6ad43b,Billy,Gul'dan,9,24,9,15,4,12,34498,83571,10311,69944,7012,3316,0,0,13895,0,12693,0,197,1,0,94234,Win,GuldanFelFlamePursuitOfFlame,GuldanLifeTapImprovedLifeTap,GuldanLifeTapHungerforPower,GuldanHorrify,GuldanHealthstone,GuldanFelFlameRampantHellfire,GuldanDemonicCircle
0dbbdbdc3e1d9783738227b5686ff795,GiovanniDerp,Chen,0,3,1,2,4,3,11520,13035,0,13035,8916,0,81,0,7316,36373,4952,0,84,1,0,26023,Loss,ChenFreshestIngredients,ChenKegToss,ChenBrewmastersBalance,ChenHeroicAbilityStormEarthFire,,,
0dbbdbdc3e1d9783738227b5686ff795,iCastaneda,Lt. Morales,1,3,0,3,2,3,6297,3070,445,2625,3389,0,0,25906,5942,0,2828,0,42,1,0,26023,Loss,MedicTraumaTrigger,MedicAutomatedBlock,MedicClear,MedicHeroicAbilityStimDrone,,,
0dbbdbdc3e1d9783738227b5686ff795,Chimwajoe,Kerrigan,2,3,2,1,3,3,12723,28012,6208,21804,11334,0,6,0,7351,0,5864,0,65,0,0,26023,Loss,KerriganMasteryRavageSiphoningImpact,KerriganMasteryRavageCleanKill,BattleMomentumKerrigan,KerriganHeroicAbilityMaelstrom,,,
0dbbdbdc3e1d9783738227b5686ff795,Nefesto,Tracer,3,0,0,0,5,0,16658,5222,145,5077,5174,0,0,0,0,0,2003,0,102,0,0,26023,Loss,TracerTracerRounds,TracerPartingGift,TracerJumper,TracerQuantumSpike,,,
0dbbdbdc3e1d9783738227b5686ff795,VoidStorM,Alarak,4,3,0,3,6,3,18912,12566,108,12458,4275,0,0,0,3269,0,2813,0,123,0,0,26023,Loss,AlarakAppliedForce,AlarakExtendedLightning,AlarakChaosReigns,AlarakHeroicAbilityDeadlyCharge,,,
0dbbdbdc3e1d9783738227b5686ff795,Blinded04,Lt. Morales,5,15,3,12,1,9,5879,4349,2117,2232,8541,0,0,28108,2174,0,5470,0,24,1,0,38821,Win,MedicTraumaTrigger,MedicAutomatedBlock,MedicIrradiate,MedicHeroicAbilityStimDrone,MedicCouplesTherapy,,
0dbbdbdc3e1d9783738227b5686ff795,Chuko,Valla,6,16,5,11,0,16,33236,18138,10330,7808,28148,0,0,0,194,0,5742,0,0,1,0,38821,Win,DemonHunterMasteryMonsterHunterHungeringArrow,DemonHunterMasteryPuncturingArrow,DemonHunterMasteryRepeatingArrowVault,DemonHunterHeroicAbilityStrafe,DemonHunterMasterySiphoningArrow,,
0dbbdbdc3e1d9783738227b5686ff795,gotmGHOST,Zeratul,7,15,5,10,0,15,15052,33512,12309,21203,8862,0,98,0,0,0,8382,0,0,1,0,38821,Win,GenericTalentSeasonedMarksman,ZeratulMasterWarpBlade,GenericTalentSearingAttacks,ZeratulHeroicAbilityVoidPrison,ZeratulCombatStyleAssassinsBlade,,
0dbbdbdc3e1d9783738227b5686ff795,Renton12,Artanis,8,19,4,15,1,10,23021,34485,16806,17679,4071,0,0,0,0,33624,6831,0,24,0,0,38821,Win,GenericTalentSeasonedMarksman,ArtanisBladeDashLethalAlacrity,ArtanisBladeDashSolariteReaper,ArtanisHeroicAbilitySpearofAdunSuppressionPulse,ArtanisTwinBladesTripleStrike,,
0dbbdbdc3e1d9783738227b5686ff795,Lf1mUBRS,Alarak,9,16,3,13,1,9,28802,7715,3136,4579,4025,0,0,0,5304,0,6383,0,23,1,0,38821,Win,AlarakPowerConduit,AlarakExtendedLightning,AlarakEndlessEnergy,AlarakHeroicAbilityDeadlyCharge,AlarakPureMalice,,
47e84f2b4b6b9e3b61645b42dcc55a8b,SloppyJoe,Dehaka,0,11,4,7,4,4,23725,54672,18782,35666,8856,224,56,0,19963,62659,13378,0,138,2,1,79550,Win,DehakaEssenceCollectionTalentEnhancedAgility,DehakaEssenceCollectionOneWhoCollectsTalent,DehakaDarkSwarmTalentSymbiosis,DehakaHeroicAbilityIsolation,DehakaDarkSwarmWhirlingDervish,DehakaBurrowTalentRapidRegeneration,GenericTalentHardenedShield
47e84f2b4b6b9e3b61645b42dcc55a8b,Paparazzi,Nova,1,7,4,3,6,4,21581,58290,47932,9980,12277,378,40,0,0,0,8711,0,164,0,2,79550,Win,NovaCombatStyleAdvancedCloaking,NovaRapidProjection,NovaCombatStyleOneintheChamber,NovaHeroicAbilityTripleTap,NovaMasteryDoubleTap,NovaMasteryLethalDecoy,NovaMasteryFastReload
47e84f2b4b6b9e3b61645b42dcc55a8b,FreeMoney,Leoric,2,6,1,5,4,2,20088,47891,15448,32251,20021,192,60,0,23058,66693,9852,0,153,4,4,79550,Win,LeoricMasteryReanimation,LeoricMasteryFealtyUntoDeathUndying,LeoricMasteryOsseinRenewal,LeoricHeroicAbilityEntomb,GenericTalentBurningRage,GenericTalentImposingPresence,GenericTalentHardenedShield
47e84f2b4b6b9e3b61645b42dcc55a8b,Alias,Gazlowe,3,5,1,4,2,1,13003,118100,43022,74198,113231,880,0,0,0,0,16547,0,70,12,4,79550,Win,TinkerCombatStyleScrapoMaticSmelter,TinkerCombatStyleReduceReuseRecycle,TinkerMasteryHyperfocusCoils,TinkerHeroicAbilityRoboGoblin,GenericTalentSprint,TinkerMasteryGoblinFusion,TinkerMasteryMechaLord
47e84f2b4b6b9e3b61645b42dcc55a8b,Seaweed,Zagara,4,10,3,7,7,7,41289,39202,13524,25310,28374,368,0,0,0,0,9096,0,172,3,0,79550,Win,ZagaraMasteryVolatileAcid,ZagaraMasterySerratedSpines,ZagaraMasteryBileDrop,ZagaraHeroicAbilityNydusAssault,GenericTalentSpellShield,ZagaraMasteryCorrosiveSaliva,ZagaraMasteryEndlessCreep
47e84f2b4b6b9e3b61645b42dcc55a8b,Slown,Tychus,5,16,6,10,3,13,44327,76512,18672,50995,2280,6845,0,0,6062,0,10815,0,89,0,6,75497,Loss,TychusPressTheAdvantage,TychusInTheRhythm,TychusMasteryQuarterback,TychusHeroicAbilityDrakkenLaserDrill,TychusThatsTheStuff,TychusMasteryFragGrenadeTitanGrenade,TychusRunAndGunBobAndWeave
47e84f2b4b6b9e3b61645b42dcc55a8b,Pseudobeast,Li-Ming,6,17,7,10,1,17,27462,142915,25705,107297,9066,9913,0,3275,2977,0,15004,0,65,3,0,75497,Loss,WizardPowerHungry,WizardDominance,WizardTeleportCalamity,WizardHeroicAbilityDisintegrate,WizardTeleportIllusionist,WizardTeleportDiamondSkin,WizardTalRashasElements
47e84f2b4b6b9e3b61645b42dcc55a8b,MasterSystem,Artanis,7,12,1,11,3,5,27192,99174,16092,78819,0,4263,40,0,0,54179,9890,0,119,0,2,75497,Loss,ArtanisTwinBladesAmateurOpponent,ArtanisBladeDashLethalAlacrity,ArtanisPhasePrismWarpSickness,ArtanisHeroicAbilitySpearofAdunPurifierBeam,ArtanisShieldOverloadPhaseBulwark,ArtanisTwinBladesZealotCharge,ArtanisSpearofAdunPurifierBeamTargetPurified
47e84f2b4b6b9e3b61645b42dcc55a8b,Randomplayer,Medivh,8,13,2,11,3,11,23023,61594,15615,36810,0,9169,0,7316,0,0,9912,0,133,0,2,75497,Loss,MedivhTransformRavenRavensIntellect,MedivhDustOfAppearance,MedivhForceOfWillArcaneExplosion,MedivhPolyBomb,MedivhTransformRavenWindsOfCelerity,MedivhForceOfWillCircleOfProtection,MedivhInvisibility
47e84f2b4b6b9e3b61645b42dcc55a8b,WiloMX,Raynor,9,12,6,6,3,5,47109,71771,16600,48710,8539,6461,7,0,5818,0,7818,0,144,3,0,75497,Loss,GenericTalentSeasonedMarksman,GenericTalentFocusedAttack,RaynorMasteryFightorFlightAdrenalineRush,RaynorHeroicAbilityHyperion,GenericTalentGiantKiller,RaynorMasteryBullseyePenetratingRound,GenericTalentNexusFrenzy
e063b3e1c1ff11b2b5387f2933be281b,lukinknight,Tracer,0,35,17,18,6,14,63662,46931,13414,30716,3527,2801,0,0,0,0,18103,0,251,1,0,123639,Win,TracerTracerRounds,TracerUntouchable,TracerBulletTime,TracerPulseRounds,TracerLeechingRounds,TracerSleightofHand,TracerTotalRecallRecall
e063b3e1c1ff11b2b5387f2933be281b,DarkWarChief,Thrall,1,30,7,23,6,12,48796,61770,12620,41914,2843,7236,51,29156,29156,0,15573,0,273,1,0,123639,Win,ThrallMasteryRollingThunder,ThrallMasteryRideTheLightning,ThrallMasteryWindShear,ThrallHeroicAbilitySundering,ThrallMasteryGraceOfAir,ThrallMasteryTempestFury,GenericTalentNexusBlades
e063b3e1c1ff11b2b5387f2933be281b,progamer,Jaina,2,34,9,25,5,15,46083,87343,5666,75128,4332,6549,1108,0,0,0,18198,0,187,2,0,123639,Win,GenericTalentConjurersPursuit,JainaFrostbiteFrostArmor,JainaFrostbiteFrostbitten,JainaHeroicSummonWaterElemental,JainaIcyVeins,JainaBlizzardSnowstorm,JainaImprovedIceBlock
e063b3e1c1ff11b2b5387f2933be281b,cmac,Nova,3,25,5,20,8,6,41460,94520,68403,22864,19206,3253,99,0,0,0,15871,0,314,2,0,123639,Win,NovaMasteryLongshot,NovaHoloStability,NovaCombatStyleOneintheChamber,NovaHeroicAbilityTripleTap,NovaMasteryDoubleTap,NovaMasteryCripplingShot,NovaMasteryFastReload
e063b3e1c1ff11b2b5387f2933be281b,Genokliller,Zagara,4,27,7,20,1,17,44142,223841,55810,157865,0,10166,25,0,0,0,27933,0,40,0,0,123639,Win,ZagaraMasteryVolatileAcid,ZagaraCombatStyleMedusaBlades,ZagaraMasteryBanelingMassacre,ZagaraHeroicAbilityDevouringMaw,ZagaraMasteryProtectiveCoating,ZagaraMasteryCorrosiveSaliva,GenericTalentFuryoftheStorm
e063b3e1c1ff11b2b5387f2933be281b,BG22,Kerrigan,5,11,1,10,11,6,26182,88183,16807,68838,28542,2538,17,0,37806,0,17084,0,445,3,0,103829,Loss,KerriganMasteryRavageSiphoningImpact,KerriganMasteryRavageCleanKill,KerriganAssimilationMastery,KerriganHeroicAbilityMaelstrom,KerriganCombatStyleDoubleStrike,KerriganMasteryAggressiveDefense,GenericTalentNexusBlades
e063b3e1c1ff11b2b5387f2933be281b,judanjoho,Illidan,6,23,13,10,10,8,42686,33219,0,28762,21576,4457,60,0,14304,0,15534,0,468,3,0,103829,Loss,IllidanUnendingHatredPassive,IllidanMasteryFriendOrFoeDive,IllidanReflexiveBlock,IllidanHeroicAbilityTheHunt,IllidanMasterySixthSenseEvasion,IllidanMasteryMarkedforDeathDive,GenericTalentNexusBlades
e063b3e1c1ff11b2b5387f2933be281b,Computer7412,Azmodan,7,19,2,17,6,9,24257,84338,5898,72632,20714,5808,0,0,0,0,18260,0,329,2,0,103829,Loss,AzmodanMasteryTasteForBlood,AzmodanMasteryArmyOfHell,AzmodanMasteryInfernalGlobe,AzmodanHeroicAbilityBlackPool,AzmodanMasteryInfusedPower,AzmodanMasteryDemonicSmite,AzmodanMasteryForcedRecruitment
e063b3e1c1ff11b2b5387f2933be281b,Lightslayer,Falstad,8,15,4,11,10,4,34910,55071,2072,47658,10865,5341,248,0,5606,0,12245,0,423,0,0,103829,Loss,FalstadHammerangGatheringStorm,FalstadMasteryUpdraftBarrelRoll,FalstadMasteryHammerangSecretWeapon,FalstadHeroicAbilityMightyGust,FalstadMasteryBarrelRollFlowRider,FalstadMasteryAerieGustsTailwind,FalstadMasteryFlightEpicMount
e063b3e1c1ff11b2b5387f2933be281b,Teet,Tracer,9,16,6,10,8,4,37574,68862,21401,43725,8635,3736,0,0,0,0,12862,0,383,1,0,103829,Loss,TracerTracerRounds,TracerUntouchable,TracerBulletTime,TracerPulseRounds,TracerBulletSprayMelee,TracerSleightofHand,TracerTotalRecallRecall
f12ec8a24e4bf12a1059ad00e1a8d72c,Troxidean,Malfurion,0,11,4,7,5,4,36042,46476,604,37877,12964,7995,127,56080,0,0,9179,0,199,0,0,76224,Loss,MalfurionCombatStyleShandosClarity,MalfurionMasteryVengefulRoots,GenericTalentCleanse,MalfurionHeroicAbilityTwilightDream,GenericTalentShrinkRay,MalfurionHardenedFocus,MalfurionMasteryNightmare
f12ec8a24e4bf12a1059ad00e1a8d72c,KMKUltra,Chromie,1,10,1,9,6,4,88146,68289,4247,58976,22043,5066,128,0,0,0,10552,0,265,2,0,76224,Loss,ChromieTimewalkersPursuit,ChromieBronzeTalons,ChromieTimeTrapChronoSickness,ChromieHeroicAbilityTemporalLoop,ChromieReachingThroughTime,ChromieQuantumOverdrive,ChromieTimeTrapAndorhalAnomaly
f12ec8a24e4bf12a1059ad00e1a8d72c,turnemdead,Chen,2,10,2,8,7,6,60280,31081,1698,27185,12562,2198,698,0,30803,118228,7719,0,308,1,0,76224,Loss,ChenFreshestIngredients,ChenDeadlyStrike,ChenBrewmastersBalance,ChenHeroicAbilityWanderingKeg,ChenPressurePoint,ChenMasteryFortifyingBrewEnoughToShare,ChenStormstoutSecretRecipe
f12ec8a24e4bf12a1059ad00e1a8d72c,Eriel,Tyrande,3,11,1,10,7,3,43400,41536,425,36065,19333,5046,24,38625,0,0,10787,0,262,1,0,76224,Loss,TyrandeMasterySentinelEmpower,TyrandeMasterySentinelPierce,TyrandeMasteryLunarBlaze,TyrandeHeroicAbilityShadowstalk,TyrandeCombatStyleHuntressFury,TyrandeMasteryRanger,GenericTalentStormShield
f12ec8a24e4bf12a1059ad00e1a8d72c,phatmatt,Azmodan,4,5,3,2,3,2,41410,147801,21624,115926,44391,10251,0,0,6085,0,16765,0,142,2,0,76224,Loss,AzmodanMasteryMasterOfDestruction,AzmodanMasteryGluttony,AzmodanMasteryMarchOfSin,AzmodanHeroicAbilityDemonicInvasion,AzmodanMasteryInfusedPower,AzmodanMasteryBattleborn,AzmodanBoltoftheStorms
f12ec8a24e4bf12a1059ad00e1a8d72c,Hull,Stitches,5,25,2,23,2,19,40629,36143,4633,17879,18164,13631,262337,0,19201,76594,13144,0,52,1,0,93413,Win,GenericDampenMagic,StitchesMasteryPutridGroundSlam,StitchesCombatStyleTenderizer,StitchesHeroicAbilityGorge,StitchesMasteryMegaSmashSlam,StitchesMasteryFishingHook,GenericTalentFlashoftheStorms
f12ec8a24e4bf12a1059ad00e1a8d72c,bacon92strip,Azmodan,6,19,5,14,2,8,69690,159436,20820,117955,19924,20661,0,0,0,0,19173,0,73,0,0,93413,Win,AzmodanMasterySiegingWrath,AzmodanSinsGrasp,AzmodanMasteryInfernalGlobe,AzmodanHeroicAbilityBlackPool,AzmodanMasteryHedonism,AzmodanMasteryDemonicSmite,AzmodanMasteryForcedRecruitment
f12ec8a24e4bf12a1059ad00e1a8d72c,Burmeister,Uther,7,25,2,23,2,9,32268,15956,2529,7328,6971,6099,58,78874,0,0,10560,0,94,1,0,93413,Win,GenericTalentConjurersPursuit,UtherMasteryBoundlessConvictionHolyRadiance,GenericTalentCleanse,UtherHeroicAbilityDivineShield,GenericTalentShrinkRay,UtherMasteryBenediction,GenericTalentStormShield
f12ec8a24e4bf12a1059ad00e1a8d72c,freemind314,Valla,8,23,6,17,3,8,72375,54584,5759,38267,72596,10558,5,0,3833,0,12848,0,116,1,0,93413,Win,DemonHunterCombatStyleHotPursuit,DemonHunterCreedoftheHunter,DemonHunterDeathDealer,DemonHunterHeroicAbilityRainofVengeance,DemonHunterMasterySiphoningArrow,DemonHunterSeethingHatred,DemonHunterCombatStyleRancor
f12ec8a24e4bf12a1059ad00e1a8d72c,SwordsOfVaul,Artanis,9,26,13,13,2,20,65764,47606,6747,30608,43941,10251,116,0,0,94404,15701,0,49,2,0,93413,Win,GenericTalentSeasonedMarksman,ArtanisPhasePrismChronoSurge,ArtanisPhasePrismWarpSickness,ArtanisHeroicAbilitySpearofAdunPurifierBeam,ArtanisPhasePrismGravitonVortex,ArtanisShieldOverloadShieldSurge,ArtanisSpearofAdunPurifierBeamTargetPurified
0b145513ff9471bf8e262a11c68d0e2a,Pandorka,Zagara,0,10,1,9,7,3,33214,122009,21114,100895,10640,0,127,0,2709,0,11898,0,282,2,0,81156,Loss,ZagaraMasteryVolatileAcid,ZagaraMasterySerratedSpines,ZagaraViscousAcid,ZagaraHeroicAbilityDevouringMaw,ZagaraMasteryHydraliskTransfusion,ZagaraMasteryMutalisk,GenericTalentFuryoftheStorm
0b145513ff9471bf8e262a11c68d0e2a,Fridge,Xul,1,10,2,8,5,6,14550,136388,4687,131701,210,0,169,0,12898,0,11988,0,250,1,0,81156,Loss,NecromancerTalentBoneArmorBacklash,NecromancerTalentJailors,NecromancerTalentRathmasBlessing,NecromancerHeroicAbilitySkeletalMages,NecromancerTalentCorpseExplosion,NecromancerTalentSkeletonMastery,NecromancerTalentRaisedMage
0b145513ff9471bf8e262a11c68d0e2a,jhonieboi,Lunara,2,8,3,5,7,3,26931,98905,7909,90996,1570,0,96,0,0,0,10680,0,303,1,0,81156,Loss,DryadNaturalPerspective,DryadTimelostWisp,DryadWildVigor,DryadHeroicAbilityThornwoodVine,DryadUnfairAdvantage,DryadStarWoodSpear,DryadGallopingGait
0b145513ff9471bf8e262a11c68d0e2a,RxJames,Nova,3,13,9,4,7,3,41370,8313,552,7761,905,0,78,0,0,0,7454,0,319,1,0,81156,Loss,NovaMasteryCovertOpsPinningShot,NovaCovertMission,NovaCombatStyleOneintheChamber,NovaHeroicAbilityPrecisionStrike,NovaMasteryDoubleTap,NovaMasteryLethalDecoy,NovaMasteryPrecisionBarrage
0b145513ff9471bf8e262a11c68d0e2a,Yungo,Gul'dan,4,4,0,4,7,2,31201,141711,9040,121778,8895,0,0,0,27303,0,12228,0,277,1,0,81156,Loss,GuldanCorruptionEchoedCorruption,GuldanConsumeSoul,GuldanLifeTapHungerforPower,GuldanHorrify,GuldanHealthstone,GuldanCorruptionRuinousAffliction,GuldanHorrifyHaunt
0b145513ff9471bf8e262a11c68d0e2a,Huhhoo,Sylvanas,5,23,2,21,2,15,26466,169042,21254,128880,21813,18908,0,0,0,0,16913,0,68,4,0,100671,Win,SylvanasTalentBlackArrowsParalysis,SylvanasTalentWithTheWind,SylvanasTalentUnstablePoison,SylvanasHeroicAbilityMindControl,SylvanasTalentWindrunnerHauntingWave,SylvanasTalentColdEmbrace,SylvanasTalentDarkLadysCallMindControl
0b145513ff9471bf8e262a11c68d0e2a,bigempct,Gul'dan,6,21,7,14,2,15,50442,178352,15759,121417,2019,27113,0,0,32556,0,21402,0,89,1,0,100671,Win,GuldanCorruptionEchoedCorruption,GuldanConsumeSoul,GuldanFelFlameBoundByShadow,GuldanHorrify,GuldanHealthstone,GuldanCorruptionRuinousAffliction,GuldanHorrifyHaunt
0b145513ff9471bf8e262a11c68d0e2a,Blunderbuss,Nova,7,29,11,18,3,18,41737,15093,6563,4812,25876,3718,67,0,0,0,12128,0,106,5,0,100671,Win,NovaMasteryCovertOpsPinningShot,NovaCovertMission,NovaCombatStyleOneintheChamber,NovaHeroicAbilityTripleTap,NovaMasteryDoubleTap,NovaMasteryCripplingShot,NovaMasteryFastReload
0b145513ff9471bf8e262a11c68d0e2a,oreoblaster,The Butcher,8,25,6,19,3,11,27549,42075,5630,26096,40376,10349,91,0,0,0,11186,0,109,11,0,100671,Win,GenericTalentBlock,ButcherMasteryHamstringFlailAxe,ButcherMeatShield,ButcherHeroicAbilityLambToTheSlaughter,ButcherMasteryHamstringBrutalStrike,ButcherTalentEnraged,ButcherMasterySlaughterhouse
0b145513ff9471bf8e262a11c68d0e2a,FieldArmada,Falstad,9,22,7,15,5,8,29491,74422,13333,53112,224,7977,78,0,10580,0,11928,0,223,0,0,100671,Win,GenericTalentSeasonedMarksman,FalstadTalentHammerGains,FalstadMasteryHammerangSecretWeapon,FalstadHeroicAbilityHinterlandBlast,GenericTalentGiantKiller,FalstadMasteryCripplingHammerHammerang,GenericTalentNexusFrenzy
00a1ceb3c3840a6c33c0787d08c4ef4a,Renton12,Nazeebo,0,27,8,19,9,5,57501,78642,38800,39842,16047,0,0,0,3061,0,13271,0,298,2,0,103056,Win,WitchDoctorThingOfTheDeep,WitchDoctorBloodRitual,WitchDoctorDeadRush,WitchDoctorHeroicAbilityRavenousSpirits,WitchDoctorGuardianToads,WitchDoctorRingOfPoison,WitchDoctorAnnihilatingSpirits
00a1ceb3c3840a6c33c0787d08c4ef4a,ViperDC,Malfurion,1,19,5,14,5,6,38180,64984,7865,56919,12367,200,27,64271,0,0,14991,0,193,1,0,103056,Win,MalfurionMasteryMoonburn,MalfurionCombatStyleElunesGrace,GenericTalentCalldownMULE,MalfurionHeroicAbilityTwilightDream,MalfurionMasteryFullMoonfire,MalfurionMasteryLunarShower,GenericTalentStormShield
00a1ceb3c3840a6c33c0787d08c4ef4a,BobLoblaw,Falstad,2,26,13,13,3,14,58053,76061,22486,53500,10494,75,150,0,5411,0,17193,0,104,2,0,103056,Win,FalstadHammerangGatheringStorm,FalstadMasteryUpdraftBarrelRoll,FalstadMasteryBolterang,FalstadHeroicAbilityHinterlandBlast,FalstadMasteryBarrelRollFlowRider,FalstadMasteryAerieGustsTailwind,FalstadMasteryFlightEpicMount
00a1ceb3c3840a6c33c0787d08c4ef4a,BagelMage,Anub'arak,3,17,0,17,5,5,34565,50136,10276,39860,0,0,196634,0,15579,68987,13602,0,187,0,0,103056,Win,GenericTalentRegenerationMaster,AnubarakMasteryUnderkingBurrowCharge,AnubarakCombatStyleChitinousPlating,AnubarakHeroicAbilityCocoon,AnubarakMasteryUrticatingSpines,AnubarakMasteryEpicenterBurrowCharge,GenericTalentRewind
00a1ceb3c3840a6c33c0787d08c4ef4a,PalmT0PTaiga,Valla,4,25,6,19,7,9,69045,137385,63077,74208,0,100,30,0,0,0,20049,0,238,0,0,103056,Win,DemonHunterCombatStyleHotPursuit,DemonHunterPunishment,DemonHunterMasteryArsenal,DemonHunterHeroicAbilityStrafe,DemonHunterCombatStyleTemperedByDiscipline,DemonHunterMasteryFrostShot,DemonHunterFarflightQuiver
00a1ceb3c3840a6c33c0787d08c4ef4a,GzGz,Alarak,5,16,4,12,5,7,51695,44346,0,28792,9534,15554,0,0,12865,0,10118,0,213,2,0,84430,Loss,AlarakWithoutEffort,AlarakDoubleCross,AlarakChaosReigns,AlarakHeroicAbilityDeadlyCharge,AlarakPsychokinesis,AlarakSustainingPower,AlarakLastLaugh
00a1ceb3c3840a6c33c0787d08c4ef4a,Beaverhead,Tyrande,6,15,3,12,8,3,26450,45203,2105,36171,2706,6927,29,32984,0,0,11095,0,302,0,0,84430,Loss,TyrandeCombatStyleRangersMark,GenericTalentFocusedAttack,TyrandeMasteryLightofEluneQuickeningBlessing,TyrandeHeroicAbilityShadowstalk,GenericTalentShrinkRay,TyrandeCombatStyleTrueshotBow,GenericTalentStormShield
00a1ceb3c3840a6c33c0787d08c4ef4a,ebroth,Nova,7,24,10,14,5,10,53182,19037,0,12341,0,6696,96,0,0,0,10341,0,226,0,0,84430,Loss,NovaCombatStyleAdvancedCloaking,NovaRapidProjection,NovaCombatStyleOneintheChamber,NovaHeroicAbilityPrecisionStrike,NovaMasteryPsionicEfficiency,NovaMasteryPerfectShotSnipe,NovaMasteryPrecisionBarrage
00a1ceb3c3840a6c33c0787d08c4ef4a,Frank,Sgt. Hammer,8,15,6,9,6,5,47227,127000,19066,95287,12403,12647,63,0,10946,0,16613,0,242,0,0,84430,Loss,SgtHammerAmbush,GenericTalentVigorousAssault,GenericTalentFirstAid,SgtHammerHeroicAbilityNapalmStrike,GenericTalentGiantKiller,HeroGenericExecutionerPassive,GenericTalentNexusFrenzy
00a1ceb3c3840a6c33c0787d08c4ef4a,poteat22,Leoric,9,23,6,17,8,9,39706,42119,0,36999,6471,5120,145,0,27627,103504,12321,0,306,2,0,84430,Loss,LeoricMasteryReanimation,LeoricMasteryFealtyUntoDeathUndying,LeoricMasteryParalyzingRageSkeletalSwing,LeoricHeroicAbilityEntomb,GenericTalentSpellShield,LeoricMasteryUnyieldingDespairDrainHope,LeoricMasterySpectralLeech
1c1357ec40810ccce4009559a6bb3590,NexusBeast,Dehaka,0,32,6,28,7,15,56481,97396,18630,65783,13167,12983,86,0,34469,109270,18070,0,309,3,0,117280,Win,DehakaDarkSwarmTalentEnduringSwarm,DehakaEssenceCollectionOneWhoCollectsTalent,DehakaDarkSwarmTalentSymbiosis,DehakaHeroicAbilityIsolation,DehakaDarkSwarmWhirlingDervish,DehakaDragTalentElongatedTongue,DehakaBrushstalkerApexPredator
1c1357ec40810ccce4009559a6bb3590,Heisenberg,Tracer,1,34,10,26,3,19,56243,84886,31915,50137,45127,2834,9,0,0,0,20247,0,112,5,7,117280,Win,TracerSlipstreamRecall,TracerIsthataHealthPack,TracerJumper,TracerStickyBomb,TracerBulletSprayMelee,TracerFocusFire,TracerTotalRecallRecall
1c1357ec40810ccce4009559a6bb3590,FoxyGrandpah,Lunara,2,39,17,24,3,17,56357,84791,14514,64226,2961,6051,202,0,0,0,17167,0,157,0,3,117280,Win,DryadNaturalPerspective,DryadNimbleWisp,DryadWildVigor,DryadHeroicAbilityLeapingStrike,DryadGreaterSpellShield,DryadStarWoodSpear,DryadGallopingGait
1c1357ec40810ccce4009559a6bb3590,Psilo,Gul'dan,3,27,4,24,8,9,50431,131563,38998,82462,0,10103,0,0,21801,0,16931,0,334,0,4,117280,Win,GuldanCorruptionEchoedCorruption,GuldanLifeTapImprovedLifeTap,GuldanLifeTapHungerforPower,GuldanHorrify,GuldanDrainLifeHarvestLife,GuldanCorruptionRuinousAffliction,GuldanHorrifyHaunt
1c1357ec40810ccce4009559a6bb3590,Vash,Medivh,4,38,13,27,4,26,52133,29401,8544,15986,0,4871,0,22110,0,0,15543,0,168,0,2,117280,Win,MedivhPortalStablePortal,MedivhDustOfAppearance,MedivhArcaneRiftTheMastersTouch,MedivhPolyBomb,MedivhPortalQuickening,MedivhForceOfWillReabsorption,MedivhPolyBombGlyphOfPolyBomb
1c1357ec40810ccce4009559a6bb3590,HotSoup,Rexxar,5,17,4,13,8,6,36073,35556,198,35356,86508,2,74,0,862,97963,14919,0,265,7,4,105063,Loss,RexxarHunterGatherer,RexxarSpiritBondEasyPrey,RexxarMendPetBloodOfTheRhino,RexxarHeroicAbilityBestialWrath,RexxarSpiritBondWildfireBear,RexxarFeignDeath,RexxarSpiritBond
1c1357ec40810ccce4009559a6bb3590,Yandonman,Nova,6,17,8,9,12,5,46489,23427,5403,18021,5923,3,103,0,0,0,14739,0,474,0,4,105063,Loss,NovaMasteryLongshot,NovaHoloStability,NovaCombatStyleOneintheChamber,NovaHeroicAbilityPrecisionStrike,NovaMasteryPsionicEfficiency,NovaMasteryCripplingShot,GenericTalentRewind
1c1357ec40810ccce4009559a6bb3590,kikokillmous,Greymane,7,6,2,4,12,1,24794,64814,2886,61928,47053,0,0,0,0,0,13427,0,522,6,0,105063,Loss,GreymaneInnerBeastViciousness,GreymaneDisengageEyesInTheDark,GreymaneWorgenFormQuicksilverBullets,GreymaneHeroicAbilityGoForTheThroat,GreymaneRazorSwipeVisceralAttacks,GreymaneWorgenFormAlphaKiller,GreymaneToothAndClaw
1c1357ec40810ccce4009559a6bb3590,MannyFresh,Kerrigan,8,15,6,9,8,4,49333,56155,9697,46457,31526,1,17,0,20362,0,13340,0,304,3,3,105063,Loss,KerriganMasteryImpalingBladesSharpenedBlades,KerriganMasteryPrimalGraspPsionicPulse,KerriganMasteryImpalingBladesBladeTorrent,KerriganHeroicAbilityMaelstrom,KerriganCombatStyleDoubleStrike,KerriganMasteryAggressiveDefense,GenericTalentFlashoftheStorms
1c1357ec40810ccce4009559a6bb3590,romzel,Azmodan,9,15,5,10,10,4,47672,107708,6775,100933,4245,0,0,0,0,0,19259,0,382,1,1,105063,Loss,AzmodanMasteryTasteForBlood,GenericTalentMercenaryLord,AzmodanMasteryInfernalGlobe,AzmodanHeroicAbilityBlackPool,AzmodanMasteryHedonism,AzmodanMasteryBattleborn,AzmodanMasteryForcedRecruitment
cdcb01d97b1537ca74bf20871ff5f1b2,Antman,Raynor,0,15,5,10,0,15,61456,54680,18986,35694,14681,0,0,0,3048,0,9374,0,0,1,0,55333,Win,GenericTalentSeasonedMarksman,GenericTalentFocusedAttack,RaynorMasteryInspireRevolutionOverdrive,RaynorHeroicAbilityHyperion,GenericTalentGiantKiller,,
cdcb01d97b1537ca74bf20871ff5f1b2,OverDrive,Sonya,1,17,2,15,0,17,29007,36841,16338,20503,20233,0,4,0,13770,41504,9017,0,0,2,0,55333,Win,BarbarianMasteryWarPaint,GenericTalentFocusedAttack,GenericTalentFollowThrough,BarbarianHeroicAbilityWrathoftheBerserker,BarbarianMasteryMysticalSpearAncientSpear,SonyaTalentNervesOfSteel,
cdcb01d97b1537ca74bf20871ff5f1b2,Pilgrim,Sgt. Hammer,2,17,6,11,0,17,51218,72939,42109,30830,29310,0,64,0,2432,0,8162,0,0,0,0,55333,Win,SgtHammerMasteryAdvancedArtillery,GenericTalentFocusedAttack,GenericTalentFirstAid,SgtHammerHeroicAbilityNapalmStrike,GenericTalentGiantKiller,SgtHammerGraduatingRange,
cdcb01d97b1537ca74bf20871ff5f1b2,LuckyWinner,Tyrael,3,15,2,13,2,9,20290,22696,6916,15780,7418,0,146,20401,0,52721,6922,0,48,2,0,55333,Win,GenericTalentRegenerationMaster,GenericTalentAmplifiedHealing,TyraelMasteryZealotry,TyraelHeroicAbilitySanctification,TyraelMasteryImposingWillRighteousness,TyraelMasteryHolyGround,
cdcb01d97b1537ca74bf20871ff5f1b2,BlindVice,Lt. Morales,4,17,2,15,1,10,16741,18199,7374,10825,6705,0,4,62692,9470,0,9480,0,26,2,0,55333,Win,GenericTalentScoutingDrone,MedicUpgradedBallistics,MedicIrradiate,MedicHeroicAbilityStimDrone,MedicCouplesTherapy,MedicSystemShock,
cdcb01d97b1537ca74bf20871ff5f1b2,skilletking,Leoric,5,3,2,1,6,1,31313,19754,1668,17800,6795,286,160,0,20403,68041,4726,0,147,1,0,37135,Loss,GenericTalentBlock,LeoricMasteryWillingVesselDrainHope,LeoricMasteryOsseinRenewal,LeoricHeroicAbilityMarchoftheBlackKing,LeoricMasteryCrushingHopeDrainHope,,
cdcb01d97b1537ca74bf20871ff5f1b2,Bryntone,Muradin,6,2,0,2,5,1,17106,7189,1025,6009,5911,155,217,0,17810,61063,2593,0,132,1,0,37135,Loss,MuradinMasteryThunderclapReverberation,MuradinMasteryThunderburn,BattleMomentumMuradin,MuradinHeroicAbilityAvatar,MuradinMasteryThunderclapHealingStatic,,
cdcb01d97b1537ca74bf20871ff5f1b2,NeoBlizz,Uther,7,3,0,3,1,3,11117,6559,989,5545,6450,25,12,29967,0,0,4501,0,29,1,0,37135,Loss,UtherMasteryWaveofLightHolyRadiance,UtherBeaconofLight,GenericTalentCleanse,UtherHeroicAbilityDivineShield,GenericTalentShrinkRay,,
cdcb01d97b1537ca74bf20871ff5f1b2,doidinko,Sylvanas,8,3,0,3,3,3,35100,44160,6052,37740,13437,368,0,0,0,0,6395,0,84,1,0,37135,Loss,SylvanasTalentBlackArrowsParalysis,SylvanasTalentWithTheWind,SylvanasTalentWitheringFireBarbedShot,SylvanasHeroicAbilityMindControl,SylvanasTalentLifeDrain,,
cdcb01d97b1537ca74bf20871ff5f1b2,DojoDjiang,Greymane,9,1,1,0,2,1,43086,57744,6312,50388,21571,1044,0,0,0,0,7428,0,51,1,0,37135,Loss,GreymaneGilneanCocktailPerfectAim,GreymaneGilneanCocktailDraughtOverflow,GreymaneGilneanCocktailIncendiaryElixir,GreymaneHeroicAbilityGoForTheThroat,GreymaneInnerBeastOnTheProwl,,
5ec0e5fb7698d73bea1daf25d312818b,froxio,Raynor,0,14,6,8,3,11,56073,106760,24387,82373,8493,0,4,0,2972,0,14868,0,118,2,0,76673,Win,GenericTalentSeasonedMarksman,GenericTalentFocusedAttack,RaynorMasteryInspireRevolutionOverdrive,RaynorHeroicAbilityHyperion,GenericTalentGiantKiller,RaynorMasteryBullseyePenetratingRound,RaynorACardToPlay
5ec0e5fb7698d73bea1daf25d312818b,Strofo,Anub'arak,1,18,5,13,3,9,23580,49982,10058,39924,6919,0,229542,0,11689,69010,10942,0,102,1,0,76673,Win,GenericDampenMagic,AnubarakMasteryUnderkingBurrowCharge,AnubarakMasteryShedExoskeletonHardenCarapace,AnubarakHeroicAbilityCocoon,AnubarakMasteryBedOfBarbs,AnubarakMasteryEpicenterBurrowCharge,GenericTalentHardenedShield
5ec0e5fb7698d73bea1daf25d312818b,YedWongHat,Valla,2,21,8,13,2,15,61825,39051,17008,22043,5445,0,0,0,0,0,10641,0,115,1,0,76673,Win,DemonHunterCombatStyleHotPursuit,DemonHunterCreedoftheHunter,DemonHunterDeathDealer,DemonHunterHeroicAbilityStrafe,DemonHunterCombatStyleTemperedByDiscipline,DemonHunterManticore,DemonHunterFarflightQuiver
5ec0e5fb7698d73bea1daf25d312818b,Bitme,Leoric,3,23,4,19,6,6,44599,29299,3408,25891,1988,0,132,0,29146,85673,9321,0,225,2,0,76673,Win,LeoricMasteryReanimation,LeoricMasteryWillingVesselDrainHope,LeoricMasteryOsseinRenewal,LeoricHeroicAbilityEntomb,LeoricMasteryCrushingHopeDrainHope,LeoricMasteryUnyieldingDespairDrainHope,LeoricMasterySpectralLeech
5ec0e5fb7698d73bea1daf25d312818b,Dupes,Malfurion,4,21,0,21,2,10,16019,31734,3309,28425,4475,0,40,78705,0,0,9123,0,70,1,0,76673,Win,MalfurionMasteryMoonburn,MalfurionMasteryVengefulRoots,MalfurionMasteryStranglingVinesEntanglingRoots,MalfurionHeroicAbilityTwilightDream,GenericTalentShrinkRay,MalfurionMasteryTenaciousRootsEntanglingRoots,GenericTalentStormShield
5ec0e5fb7698d73bea1daf25d312818b,Labrat,Li-Ming,5,12,3,9,7,2,54655,60931,15627,34168,0,11136,0,0,2964,0,9828,0,259,0,0,70094,Loss,WizardAstralPresence,WizardDominance,WizardTeleportCalamity,WizardHeroicAbilityDisintegrate,WizardCannoneer,WizardMagicMissilesMirrorball,
5ec0e5fb7698d73bea1daf25d312818b,Ajjaxx,Sylvanas,6,12,3,9,2,8,49087,105369,4227,93424,8571,7718,0,0,4831,0,14680,0,98,2,0,70094,Loss,SylvanasTalentBlackArrowsParalysis,SylvanasTalentLostSoul,SylvanasTalentUnstablePoison,SylvanasHeroicAbilityMindControl,SylvanasTalentLifeDrain,SylvanasTalentColdEmbrace,
5ec0e5fb7698d73bea1daf25d312818b,Neon,Li Li,7,13,3,10,4,8,32160,19795,614,10666,5415,8515,12,53730,0,0,8047,0,145,3,0,70094,Loss,GenericTalentConjurersPursuit,LiLiMasteryBlindingWindMassVortex,LiLiMasteryCloudSerpentLightningSerpent,LiLiHeroicAbilityJugof1000Cups,GenericTalentShrinkRay,LiLiMasteryShakeItOff,
5ec0e5fb7698d73bea1daf25d312818b,Ark,Cho,8,15,5,10,5,8,31848,21289,582,17183,9678,3524,44,0,14009,100750,7887,0,160,2,0,70094,Loss,ChoBlazingBulwark,ChoRunedGauntlet,ChoPowerSurge,ChoHeroicAbilityUpheaval,ChoTalentMoltenBlock,ChoCripplingBlow,
5ec0e5fb7698d73bea1daf25d312818b,PooseUnPoose,Gall,9,15,2,13,5,8,54479,52136,3537,39887,9063,8712,0,2423,0,0,7887,0,160,0,0,70094,Loss,GallSpurredOnward,GallBombsAway,GallEdgeOfMadness,GallHeroicAbilityShadowboltVolley,GallDreadShield,GallGiantScorcher,
